Program,Description,Parameters,Avg Time (s),User CPU (s),System CPU (s),Memory (KB),Std Dev (s),Min Time (s),Max Time (s),Variance (s²),Notes
"delannoy","Delannoy number calculation","5","7.544e-04","3.250e-05","1.900e-04","1513.000000000","1.750e-05","7.313e-04","7.692e-04","1.000e-10","High precision mode (1000 iterations per measurement), Cache cleared"
"delannoy","Delannoy number calculation","10","0.0108140","0.0059000","4.000e-04","1515.000000000","1.947e-04","0.0106092","0.0110115","3.800e-08","High precision mode (100 iterations per measurement), Cache cleared"
"delannoy","Delannoy number calculation","12","0.125162","0.119500","5.000e-04","1485.000000000","6.334e-04","0.124465","0.125999","4.010e-07","High precision mode (50 iterations per measurement), Cache cleared"
"delannoy","Delannoy number calculation","13","0.647500","0.642500","1.000e-10","1496.000000000","0.0309570","0.620000","0.690000","9.583e-04","Cache cleared"
"delannoy","Delannoy number calculation","14","3.882500","3.880000","1.000e-10","1500.000000000","0.0359398","3.830000","3.910000","0.0012917","Cache cleared"
"delannoy","Delannoy number calculation","15","53.555000","53.550000","1.000e-10","1518.000000000","0.196723","53.390000","53.840000","0.0387000","Cache cleared"
"filegen","Small file benchmark","5 10 1024 4096","0.0046829","5.900e-04","8.400e-04","1658.000000000","4.696e-05","0.0046183","0.0047187","2.000e-09","High precision mode (1000 iterations per measurement), Cache cleared"
"filegen","Medium file benchmark","10 30 4096 16384","0.0628984","0.0342000","0.0238500","1737.000000000","1.566e-04","0.0627238","0.0630966","2.500e-08","High precision mode (100 iterations per measurement), Cache cleared"
"filegen","Large file benchmark","20 50 16384 65536","0.587500","0.450000","0.127500","1868.000000000","0.0095743","0.580000","0.600000","9.167e-05","Cache cleared"
"filegen","Mixed size benchmark","15 40 512 1048576","3.992500","3.495000","0.480000","3423.000000000","0.0419325","3.950000","4.050000","0.0017583","Cache cleared"
"filesearch","Simple search test","","0.0013306","8.750e-05","2.050e-04","1654.000000000","2.775e-05","0.0012986","0.0013649","1.000e-09","High precision mode (1000 iterations per measurement), Cache cleared, Depends on: filegen 5 10 1024 4096"
"filesearch","Medium complexity search","","0.0018341","8.750e-05","2.950e-04","1667.000000000","3.456e-05","0.0017962","0.0018655","1.000e-09","High precision mode (1000 iterations per measurement), Cache cleared, Depends on: filegen 15 25 4096 32768"
"filesearch","Many directory search","","0.0039801","1.950e-04","8.675e-04","1646.000000000","4.668e-05","0.0039440","0.0040483","2.000e-09","High precision mode (1000 iterations per measurement), Cache cleared, Depends on: filegen 100 15 8192 8192"
"filesearch","Large file search","","0.0013601","4.250e-05","2.225e-04","1652.000000000","2.589e-05","0.0013397","0.0013972","1.000e-09","High precision mode (1000 iterations per measurement), Cache cleared, Depends on: filegen 8 10 1048576 1048576"
"filesearch","Many small files search","","0.0042185","2.225e-04","9.575e-04","1674.000000000","2.490e-05","0.0041946","0.0042496","1.000e-09","High precision mode (1000 iterations per measurement), Cache cleared, Depends on: filegen 20 100 512 512"
"mmul200","Matrix multiplication tiny","","0.0066437","0.0021950","3.700e-04","2148.000000000","3.224e-05","0.0066151","0.0066743","1.000e-09","High precision mode (1000 iterations per measurement), Cache cleared"
"mmul500","Matrix multiplication small","","0.0959177","0.0880500","0.0032250","7000.000000000","4.693e-04","0.0956660","0.0966214","2.200e-07","High precision mode (100 iterations per measurement), Cache cleared"
"mmul1000","Matrix multiplication medium","","0.792500","0.777500","0.0025000","24645.000000000","0.0377492","0.750000","0.840000","0.0014250","Cache cleared"
"mmul1500","Matrix multiplication large","","4.690000","4.657500","0.0150000","53760.000000000","0.169902","4.450000","4.840000","0.0288667","Cache cleared"
"mmul2000","Matrix multiplication extra large","","13.647500","13.610000","0.0200000","94881.000000000","0.473313","13.070000","14.210000","0.224025","Cache cleared"
"nbody500","N-body simulation small","","0.0646765","0.0594000","7.000e-04","1658.000000000","3.730e-04","0.0643302","0.0650440","1.390e-07","High precision mode (100 iterations per measurement), Cache cleared"
"nbody1000","N-body simulation medium","","0.502500","0.497500","1.000e-10","1654.000000000","0.0050000","0.500000","0.510000","2.500e-05","Cache cleared"
"nbody2000","N-body simulation large","","3.025000","3.017500","1.000e-10","1751.000000000","0.0173205","3.000000","3.040000","3.000e-04","Cache cleared"
"nbody1000_200","N-body long simulation","","1.007500","1.000000","1.000e-10","1643.000000000","0.0095743","1.000000","1.020000","9.167e-05","Cache cleared"
"nbody3000","N-body dense simulation","","3.425000","3.422500","1.000e-10","1796.000000000","0.0300000","3.390000","3.450000","9.000e-04","Cache cleared"
"qap","QAP small problems","qap/problems/chr10a.dat","0.0021435","1.925e-04","2.050e-04","1709.000000000","2.405e-05","0.0021288","0.0021793","1.000e-09","High precision mode (1000 iterations per measurement), Cache cleared"
"qap","QAP small problems","qap/problems/chr12a.dat","0.0188733","0.0136500","5.250e-04","1716.000000000","2.186e-04","0.0186793","0.0191788","4.800e-08","High precision mode (100 iterations per measurement), Cache cleared"
"qap","QAP small problems","qap/problems/chr15a.dat","1.735000","1.730000","1.000e-10","1680.000000000","0.0057735","1.730000","1.740000","3.333e-05","Cache cleared"
"qap","QAP medium problems","qap/problems/chr18a.dat","89.855000","89.850000","1.000e-10","1738.000000000","0.833167","88.740000","90.670000","0.694167","Cache cleared"
