Program,Description,Parameters,Avg Time (s),User CPU (s),System CPU (s),Memory (KB),Std Dev (s),Min Time (s),Max Time (s),Variance (s²),Notes
"delannoy_gcc_-O0","Delannoy number calculation","13","4.500000","4.490000","1.000e-10","3618.666666667","0.0435890","4.470000","4.550000","0.0019000","Target precision of 0.05 reached after 3 runs, Cache cleared"
"delannoy_gcc_-O1","Delannoy number calculation","13","3.610000","3.603333","1.000e-10","3602.666666667","0.0100000","3.600000","3.620000","1.000e-04","Target precision of 0.05 reached after 3 runs, Cache cleared"
"delannoy_gcc_-O2","Delannoy number calculation","13","0.580000","0.573333","1.000e-10","3609.333333333","0.0100000","0.570000","0.590000","1.000e-04","Target precision of 0.05 reached after 3 runs, Cache cleared"
"delannoy_gcc_-O3","Delannoy number calculation","13","0.616667","0.613333","1.000e-10","3636.000000000","0.0057735","0.610000","0.620000","3.333e-05","Target precision of 0.05 reached after 3 runs, Cache cleared"
"delannoy_gcc_-Os","Delannoy number calculation","13","3.480000","3.473333","1.000e-10","3613.333333333","0.0173205","3.460000","3.490000","3.000e-04","Target precision of 0.05 reached after 3 runs, Cache cleared"
"delannoy_gcc_-Ofast","Delannoy number calculation","13","0.620000","0.616667","1.000e-10","3642.666666667","1.100e-08","0.620000","0.620000","1.000e-10","Target precision of 0.05 reached after 3 runs, Cache cleared"
"nbody_gcc_-O0","N-body simulation","","7.806667","7.800000","1.000e-10","3593.333333333","0.0351188","7.770000","7.840000","0.0012333","Target precision of 0.05 reached after 3 runs, Cache cleared"
"nbody_gcc_-O1","N-body simulation","","2.143333","2.133333","1.000e-10","3646.666666667","0.0208167","2.120000","2.160000","4.333e-04","Target precision of 0.05 reached after 3 runs, Cache cleared"
"nbody_gcc_-O2","N-body simulation","","2.056667","2.050000","1.000e-10","3617.333333333","0.0115470","2.050000","2.070000","1.333e-04","Target precision of 0.05 reached after 3 runs, Cache cleared"
"nbody_gcc_-O3","N-body simulation","","2.033333","2.030000","1.000e-10","3626.666666667","0.0115470","2.020000","2.040000","1.333e-04","Target precision of 0.05 reached after 3 runs, Cache cleared"
"nbody_gcc_-Os","N-body simulation","","2.233333","2.230000","1.000e-10","3602.666666667","0.0115470","2.220000","2.240000","1.333e-04","Target precision of 0.05 reached after 3 runs, Cache cleared"
"nbody_gcc_-Ofast","N-body simulation","","1.670000","1.663333","1.000e-10","3596.000000000","0.0100000","1.660000","1.680000","1.000e-04","Target precision of 0.05 reached after 3 runs, Cache cleared"
"qap_gcc_-O0","Quadratic Assignment Problem","small_samples/qap/problems/chr15c.dat","5.446667","5.443333","1.000e-10","3642.666666667","0.0503322","5.400000","5.500000","0.0025333","Target precision of 0.05 reached after 3 runs, Cache cleared"
"qap_gcc_-O1","Quadratic Assignment Problem","small_samples/qap/problems/chr15c.dat","1.866667","1.860000","1.000e-10","3649.333333333","0.0057735","1.860000","1.870000","3.333e-05","Target precision of 0.05 reached after 3 runs, Cache cleared"
"qap_gcc_-O2","Quadratic Assignment Problem","small_samples/qap/problems/chr15c.dat","1.666667","1.663333","1.000e-10","3642.666666667","0.0152753","1.650000","1.680000","2.333e-04","Target precision of 0.05 reached after 3 runs, Cache cleared"
"qap_gcc_-O3","Quadratic Assignment Problem","small_samples/qap/problems/chr15c.dat","1.613333","1.606667","1.000e-10","3628.000000000","0.0251661","1.590000","1.640000","6.333e-04","Target precision of 0.05 reached after 3 runs, Cache cleared"
"qap_gcc_-Os","Quadratic Assignment Problem","small_samples/qap/problems/chr15c.dat","1.923333","1.923333","1.000e-10","3636.000000000","0.0115470","1.910000","1.930000","1.333e-04","Target precision of 0.05 reached after 3 runs, Cache cleared"
"qap_gcc_-Ofast","Quadratic Assignment Problem","small_samples/qap/problems/chr15c.dat","1.603333","1.593333","1.000e-10","3646.666666667","0.0057735","1.600000","1.610000","3.333e-05","Target precision of 0.05 reached after 3 runs, Cache cleared"
"mmul_gcc_-O0","Matrix multiplication","","2.956667","2.943333","1.000e-10","24638.666666667","0.100167","2.880000","3.070000","0.0100333","Target precision of 0.05 reached after 3 runs, Cache cleared"
"mmul_gcc_-O1","Matrix multiplication","","0.786667","0.773333","1.000e-10","24673.333333333","0.0208167","0.770000","0.810000","4.333e-04","Target precision of 0.05 reached after 3 runs, Cache cleared"
"mmul_gcc_-O2","Matrix multiplication","","0.763333","0.750000","0.0033333","24608.000000000","0.0057735","0.760000","0.770000","3.333e-05","Target precision of 0.05 reached after 3 runs, Cache cleared"
"mmul_gcc_-O3","Matrix multiplication","","0.790000","0.780000","1.000e-10","24661.333333333","0.0264575","0.770000","0.820000","7.000e-04","Target precision of 0.05 reached after 3 runs, Cache cleared"
"mmul_gcc_-Os","Matrix multiplication","","0.780000","0.773333","1.000e-10","24657.333333333","0.0200000","0.760000","0.800000","4.000e-04","Target precision of 0.05 reached after 3 runs, Cache cleared"
"mmul_gcc_-Ofast","Matrix multiplication","","0.663333","0.653333","0.0033333","24657.333333333","0.0057735","0.660000","0.670000","3.333e-05","Target precision of 0.05 reached after 3 runs, Cache cleared"
"ssca2","ssca2 Benchmark O0","15","4.719474","4.793684","0.0026316","8007.368421053","0.725303","4.200000","6.930000","0.526065","Target precision of 0.05 reached after 38 runs, Cache cleared"
"ssca2","ssca2 Benchmark O1","15","2.866750","2.838750","0.0042500","7981.800000000","0.523530","2.480000","5.410000","0.274084","Target precision of 0.05 not reached after 40 runs, Cache cleared"
"ssca2","ssca2 Benchmark O2","15","2.558333","2.545000","0.0033333","8010.000000000","0.0449073","2.510000","2.640000","0.0020167","Target precision of 0.05 reached after 6 runs, Cache cleared"
"ssca2","ssca2 Benchmark O3","15","2.565000","2.553333","1.000e-10","8002.000000000","0.0301662","2.520000","2.600000","9.100e-04","Target precision of 0.05 reached after 6 runs, Cache cleared"
"ssca2","ssca2 Benchmark Os","15","3.198333","3.195000","1.000e-10","7995.333333333","0.0970395","3.090000","3.300000","0.0094167","Target precision of 0.05 reached after 6 runs, Cache cleared"
"ssca2","ssca2 Benchmark Ofast","15","2.526667","2.508333","0.0016667","7980.666666667","0.0520256","2.460000","2.620000","0.0027067","Target precision of 0.05 reached after 6 runs, Cache cleared"
"npb_bt_w","NPB BT Benchmark O0","","5.458333","5.451667","1.000e-10","4731.333333333","0.0376386","5.390000","5.500000","0.0014167","Target precision of 0.05 reached after 6 runs, Cache cleared"
"npb_bt_w","NPB BT Benchmark O1","","1.393333","1.390000","1.000e-10","4647.333333333","0.0186190","1.370000","1.410000","3.467e-04","Target precision of 0.05 reached after 6 runs, Cache cleared"
"npb_bt_w","NPB BT Benchmark O2","","1.460000","1.451667","1.000e-10","4636.000000000","0.0303315","1.430000","1.500000","9.200e-04","Target precision of 0.05 reached after 6 runs, Cache cleared"
"npb_bt_w","NPB BT Benchmark O3","","1.380000","1.371667","1.000e-10","4679.333333333","0.0282843","1.350000","1.430000","8.000e-04","Target precision of 0.05 reached after 6 runs, Cache cleared"
"npb_bt_w","NPB BT Benchmark Os","","1.350000","1.343333","1.000e-10","4654.666666667","0.0447214","1.320000","1.440000","0.0020000","Target precision of 0.05 reached after 6 runs, Cache cleared"
"npb_bt_w","NPB BT Benchmark Ofast","","1.375000","1.371667","1.000e-10","4698.666666667","0.0288097","1.350000","1.420000","8.300e-04","Target precision of 0.05 reached after 6 runs, Cache cleared"
